-- ============================================================
-- SEED DATA для "НАШЕ СОБРАНИЕ"
-- Пароль для всех сотрудников: password
-- Хэш BCrypt (rounds=10, bcryptjs): сгенерирован программно
-- ============================================================

-- Очистка таблиц перед наполнением (в порядке зависимостей)
TRUNCATE TABLE
  "AuditLog",
  "QuestionAnswer",
  "AgendaItem",
  "MeetingOwnerInitiator",
  "Meeting",
  "QuestionPoolItem",
  "QuestionPool",
  "QuestionLibrary",
  "EmployeeBuildingAccess",
  "OwnershipRight",
  "Owner",
  "Premise",
  "Building",
  "Employee",
  "Company"
CASCADE;

-- ============================================================
-- 1. КОМПАНИИ
-- ============================================================
INSERT INTO "Company" (id, name, "createdAt") VALUES
  ('c1000000-0000-0000-0000-000000000001', 'УК Комфорт Сервис',    NOW()),
  ('c1000000-0000-0000-0000-000000000002', 'УК Уютный Квартал',    NOW());

-- ============================================================
-- 2. СОТРУДНИКИ
-- ============================================================

-- Системный администратор (пароль: admin123)
INSERT INTO "Employee" (id, email, "passwordHash", "fullName", "companyId", "isActive", "createdAt") VALUES
  ('e0000000-0000-0000-0000-000000000001',
   'admin@uk.ru',
   '$2b$10$CszILihJjFTqp8anVsoqvu3SSB3Bo5xYqi7gsmMUy2AkGVW1ZLH6e',
   'Главный Администратор',
   'c1000000-0000-0000-0000-000000000001',
   1, NOW());

-- Сотрудники управляющих компаний (пароль: password)
INSERT INTO "Employee" (id, email, "passwordHash", "fullName", "companyId", "isActive", "createdAt") VALUES
  ('e1000000-0000-0000-0000-000000000001',
   'ivanova@comfort.ru',
   '$2b$10$drjqsc.VWQPLCoYWHt4RuexIThHftIR9GXjBtg5RpOG8wt5VMkHYW',
   'Иванова Марина Сергеевна',
   'c1000000-0000-0000-0000-000000000001',
   1, NOW()),

  ('e1000000-0000-0000-0000-000000000002',
   'petrov@comfort.ru',
   '$2b$10$drjqsc.VWQPLCoYWHt4RuexIThHftIR9GXjBtg5RpOG8wt5VMkHYW',
   'Петров Алексей Дмитриевич',
   'c1000000-0000-0000-0000-000000000001',
   1, NOW()),

  ('e1000000-0000-0000-0000-000000000003',
   'sidorova@uyut.ru',
   '$2b$10$drjqsc.VWQPLCoYWHt4RuexIThHftIR9GXjBtg5RpOG8wt5VMkHYW',
   'Сидорова Елена Викторовна',
   'c1000000-0000-0000-0000-000000000002',
   1, NOW());

-- ============================================================
-- 3. ДОМА
-- ============================================================
INSERT INTO "Building" (id, address, "cadastralNumber", "yearBuilt", floors, entrances, "totalArea", "totalPremises", "createdAt", "updatedAt") VALUES
  ('b1000000-0000-0000-0000-000000000001',
   'г. Москва, ул. Ленина, д. 12',
   '77:01:0001001:100',
   1985, 9, 4, 7200.0, 72,
   NOW(), NOW()),

  ('b1000000-0000-0000-0000-000000000002',
   'г. Москва, пр. Победы, д. 34',
   '77:01:0002002:200',
   2003, 12, 3, 6480.0, 54,
   NOW(), NOW()),

  ('b1000000-0000-0000-0000-000000000003',
   'г. Москва, ул. Садовая, д. 7',
   '77:01:0003003:300',
   1972, 5, 2, 2200.0, 20,
   NOW(), NOW());

-- ============================================================
-- 4. ПОМЕЩЕНИЯ  (дом 1 — 18 квартир + 2 нежилых)
-- ============================================================

-- Дом 1
INSERT INTO "Premise" (id, "buildingId", number, "cadastralNumber", area, "ownershipForm", "premiseType", floor, "createdAt", "updatedAt") VALUES
  ('p1000000-0000-0000-0000-000000000001','b1000000-0000-0000-0000-000000000001','1','77:01:0001001:101',42.5,'Частная','Квартира',1,NOW(),NOW()),
  ('p1000000-0000-0000-0000-000000000002','b1000000-0000-0000-0000-000000000001','2','77:01:0001001:102',56.0,'Частная','Квартира',1,NOW(),NOW()),
  ('p1000000-0000-0000-0000-000000000003','b1000000-0000-0000-0000-000000000001','3','77:01:0001001:103',38.2,'Частная','Квартира',2,NOW(),NOW()),
  ('p1000000-0000-0000-0000-000000000004','b1000000-0000-0000-0000-000000000001','4','77:01:0001001:104',78.0,'Частная','Квартира',2,NOW(),NOW()),
  ('p1000000-0000-0000-0000-000000000005','b1000000-0000-0000-0000-000000000001','5','77:01:0001001:105',45.3,'Частная','Квартира',3,NOW(),NOW()),
  ('p1000000-0000-0000-0000-000000000006','b1000000-0000-0000-0000-000000000001','6','77:01:0001001:106',50.0,'Частная','Квартира',3,NOW(),NOW()),
  ('p1000000-0000-0000-0000-000000000007','b1000000-0000-0000-0000-000000000001','7','77:01:0001001:107',62.5,'Частная','Квартира',4,NOW(),NOW()),
  ('p1000000-0000-0000-0000-000000000008','b1000000-0000-0000-0000-000000000001','8','77:01:0001001:108',35.0,'Муниципальная','Квартира',4,NOW(),NOW()),
  ('p1000000-0000-0000-0000-000000000009','b1000000-0000-0000-0000-000000000001','9','77:01:0001001:109',88.0,'Частная','Квартира',5,NOW(),NOW()),
  ('p1000000-0000-0000-0000-000000000010','b1000000-0000-0000-0000-000000000001','10','77:01:0001001:110',44.0,'Частная','Квартира',5,NOW(),NOW()),
  ('p1000000-0000-0000-0000-000000000011','b1000000-0000-0000-0000-000000000001','11','77:01:0001001:111',48.0,'Частная','Квартира',6,NOW(),NOW()),
  ('p1000000-0000-0000-0000-000000000012','b1000000-0000-0000-0000-000000000001','12','77:01:0001001:112',55.0,'Частная','Квартира',6,NOW(),NOW()),
  ('p1000000-0000-0000-0000-000000000013','b1000000-0000-0000-0000-000000000001','13',NULL,           96.0,'Частная','Квартира',7,NOW(),NOW()),
  ('p1000000-0000-0000-0000-000000000014','b1000000-0000-0000-0000-000000000001','14','77:01:0001001:114',52.0,'Частная','Квартира',7,NOW(),NOW()),
  ('p1000000-0000-0000-0000-000000000015','b1000000-0000-0000-0000-000000000001','15','77:01:0001001:115',41.0,'Частная','Квартира',8,NOW(),NOW()),
  ('p1000000-0000-0000-0000-000000000016','b1000000-0000-0000-0000-000000000001','16','77:01:0001001:116',60.0,'Частная','Квартира',8,NOW(),NOW()),
  ('p1000000-0000-0000-0000-000000000017','b1000000-0000-0000-0000-000000000001','17','77:01:0001001:117',75.0,'Частная','Квартира',9,NOW(),NOW()),
  ('p1000000-0000-0000-0000-000000000018','b1000000-0000-0000-0000-000000000001','18','77:01:0001001:118',80.5,'Частная','Квартира',9,NOW(),NOW()),
  -- Нежилые помещения дома 1
  ('p1000000-0000-0000-0000-000000000019','b1000000-0000-0000-0000-000000000001','Н-1','77:01:0001001:119',120.0,'Частная','Нежилое',1,NOW(),NOW()),
  ('p1000000-0000-0000-0000-000000000020','b1000000-0000-0000-0000-000000000001','Н-2','77:01:0001001:120',85.0,'Частная','Нежилое',1,NOW(),NOW());

-- Дом 2
INSERT INTO "Premise" (id, "buildingId", number, "cadastralNumber", area, "ownershipForm", "premiseType", floor, "createdAt", "updatedAt") VALUES
  ('p2000000-0000-0000-0000-000000000001','b1000000-0000-0000-0000-000000000002','101','77:01:0002002:201',48.0,'Частная','Квартира',1,NOW(),NOW()),
  ('p2000000-0000-0000-0000-000000000002','b1000000-0000-0000-0000-000000000002','102','77:01:0002002:202',64.5,'Частная','Квартира',1,NOW(),NOW()),
  ('p2000000-0000-0000-0000-000000000003','b1000000-0000-0000-0000-000000000002','201','77:01:0002002:203',72.0,'Частная','Квартира',2,NOW(),NOW()),
  ('p2000000-0000-0000-0000-000000000004','b1000000-0000-0000-0000-000000000002','202','77:01:0002002:204',58.0,'Частная','Квартира',2,NOW(),NOW()),
  ('p2000000-0000-0000-0000-000000000005','b1000000-0000-0000-0000-000000000002','301','77:01:0002002:205',90.0,'Частная','Квартира',3,NOW(),NOW()),
  ('p2000000-0000-0000-0000-000000000006','b1000000-0000-0000-0000-000000000002','Н-1','77:01:0002002:206',200.0,'Частная','Нежилое',1,NOW(),NOW());

-- Дом 3
INSERT INTO "Premise" (id, "buildingId", number, "cadastralNumber", area, "ownershipForm", "premiseType", floor, "createdAt", "updatedAt") VALUES
  ('p3000000-0000-0000-0000-000000000001','b1000000-0000-0000-0000-000000000003','1','77:01:0003003:301',36.0,'Частная','Квартира',1,NOW(),NOW()),
  ('p3000000-0000-0000-0000-000000000002','b1000000-0000-0000-0000-000000000003','2','77:01:0003003:302',44.0,'Частная','Квартира',1,NOW(),NOW()),
  ('p3000000-0000-0000-0000-000000000003','b1000000-0000-0000-0000-000000000003','3','77:01:0003003:303',52.0,'Частная','Квартира',2,NOW(),NOW()),
  ('p3000000-0000-0000-0000-000000000004','b1000000-0000-0000-0000-000000000003','4','77:01:0003003:304',40.0,'Муниципальная','Квартира',2,NOW(),NOW()),
  ('p3000000-0000-0000-0000-000000000005','b1000000-0000-0000-0000-000000000003','5','77:01:0003003:305',58.0,'Частная','Квартира',3,NOW(),NOW());

-- ============================================================
-- 5. СОБСТВЕННИКИ
-- ============================================================
INSERT INTO "Owner" (id, "fullName", inn, snils, contacts) VALUES
  ('o1000000-0000-0000-0000-000000000001','Смирнов Андрей Павлович',        '772301001001','001-001-001 01','+7-901-001-01-01'),
  ('o1000000-0000-0000-0000-000000000002','Козлова Наталья Игоревна',       '772301001002','002-002-002 02','+7-901-001-01-02'),
  ('o1000000-0000-0000-0000-000000000003','Новиков Сергей Александрович',   '772301001003','003-003-003 03','+7-901-001-01-03'),
  ('o1000000-0000-0000-0000-000000000004','Морозова Ирина Петровна',        '772301001004','004-004-004 04','+7-901-001-01-04'),
  ('o1000000-0000-0000-0000-000000000005','Волков Дмитрий Олегович',        '772301001005','005-005-005 05','+7-901-001-01-05'),
  ('o1000000-0000-0000-0000-000000000006','Зайцева Светлана Юрьевна',       '772301001006','006-006-006 06','+7-901-001-01-06'),
  ('o1000000-0000-0000-0000-000000000007','Соколов Владимир Николаевич',    '772301001007','007-007-007 07','+7-901-001-01-07'),
  ('o1000000-0000-0000-0000-000000000008','Лебедева Ольга Борисовна',       '772301001008','008-008-008 08','+7-901-001-01-08'),
  ('o1000000-0000-0000-0000-000000000009','Попов Кирилл Федорович',         '772301001009','009-009-009 09','+7-901-001-01-09'),
  ('o1000000-0000-0000-0000-000000000010','Захарова Виктория Андреевна',    '772301001010','010-010-010 10','+7-901-001-01-10'),
  ('o1000000-0000-0000-0000-000000000011','Миронов Евгений Геннадьевич',    '772301001011','011-011-011 11','+7-901-001-01-11'),
  ('o1000000-0000-0000-0000-000000000012','Федорова Татьяна Ивановна',      '772301001012','012-012-012 12','+7-901-001-01-12'),
  ('o1000000-0000-0000-0000-000000000013','Орлов Максим Викторович',        '772301001013','013-013-013 13','+7-901-001-01-13'),
  ('o1000000-0000-0000-0000-000000000014','Егорова Анастасия Михайловна',   '772301001014','014-014-014 14','+7-901-001-01-14'),
  ('o1000000-0000-0000-0000-000000000015','Ильин Роман Станиславович',      '772301001015','015-015-015 15','+7-901-001-01-15'),
  ('o1000000-0000-0000-0000-000000000016','Кузнецова Людмила Аркадьевна',   '772301001016','016-016-016 16','+7-901-001-01-16'),
  ('o1000000-0000-0000-0000-000000000017','Тихонов Игорь Валерьевич',       '772301001017','017-017-017 17','+7-901-001-01-17'),
  ('o1000000-0000-0000-0000-000000000018','Павлова Елена Константиновна',   '772301001018','018-018-018 18','+7-901-001-01-18'),
  ('o1000000-0000-0000-0000-000000000019','Беляев Артем Николаевич',        '772301001019','019-019-019 19','+7-901-001-01-19'),
  ('o1000000-0000-0000-0000-000000000020','Громов Антон Сергеевич',         '772301001020','020-020-020 20','+7-901-001-01-20');

-- ============================================================
-- 6. ПРАВА СОБСТВЕННОСТИ (привязка собственников к помещениям)
-- ============================================================

-- Дом 1
INSERT INTO "OwnershipRight" (id, "premiseId", "ownerId", share, "shareArea", "titleDocument", "registrationDate", "basisDocument") VALUES
  ('r1000000-0000-0000-0000-000000000001','p1000000-0000-0000-0000-000000000001','o1000000-0000-0000-0000-000000000001','1/1',42.5,'Свидетельство о праве собственности','15.03.2010','Договор купли-продажи'),
  ('r1000000-0000-0000-0000-000000000002','p1000000-0000-0000-0000-000000000002','o1000000-0000-0000-0000-000000000002','1/1',56.0,'Выписка ЕГРН','22.07.2015','Договор долевого участия'),
  ('r1000000-0000-0000-0000-000000000003','p1000000-0000-0000-0000-000000000003','o1000000-0000-0000-0000-000000000003','1/2',19.1,'Выписка ЕГРН','10.11.2018','Договор купли-продажи'),
  ('r1000000-0000-0000-0000-000000000004','p1000000-0000-0000-0000-000000000003','o1000000-0000-0000-0000-000000000004','1/2',19.1,'Выписка ЕГРН','10.11.2018','Договор купли-продажи'),
  ('r1000000-0000-0000-0000-000000000005','p1000000-0000-0000-0000-000000000004','o1000000-0000-0000-0000-000000000005','1/1',78.0,'Свидетельство о праве собственности','05.04.2008','Договор купли-продажи'),
  ('r1000000-0000-0000-0000-000000000006','p1000000-0000-0000-0000-000000000005','o1000000-0000-0000-0000-000000000006','1/1',45.3,'Выписка ЕГРН','19.09.2020','Договор долевого участия'),
  ('r1000000-0000-0000-0000-000000000007','p1000000-0000-0000-0000-000000000006','o1000000-0000-0000-0000-000000000007','1/1',50.0,'Выписка ЕГРН','02.02.2019','Договор купли-продажи'),
  ('r1000000-0000-0000-0000-000000000008','p1000000-0000-0000-0000-000000000007','o1000000-0000-0000-0000-000000000008','1/1',62.5,'Свидетельство о праве собственности','30.06.2012','Наследование'),
  ('r1000000-0000-0000-0000-000000000009','p1000000-0000-0000-0000-000000000009','o1000000-0000-0000-0000-000000000009','1/1',88.0,'Выписка ЕГРН','14.05.2021','Договор долевого участия'),
  ('r1000000-0000-0000-0000-000000000010','p1000000-0000-0000-0000-000000000010','o1000000-0000-0000-0000-000000000010','1/1',44.0,'Выписка ЕГРН','28.01.2017','Договор купли-продажи'),
  ('r1000000-0000-0000-0000-000000000011','p1000000-0000-0000-0000-000000000011','o1000000-0000-0000-0000-000000000011','1/1',48.0,'Выписка ЕГРН','11.11.2016','Договор купли-продажи'),
  ('r1000000-0000-0000-0000-000000000012','p1000000-0000-0000-0000-000000000012','o1000000-0000-0000-0000-000000000012','1/1',55.0,'Свидетельство о праве собственности','03.08.2009','Договор купли-продажи'),
  ('r1000000-0000-0000-0000-000000000013','p1000000-0000-0000-0000-000000000013','o1000000-0000-0000-0000-000000000013','1/1',96.0,'Выписка ЕГРН','25.12.2022','Договор долевого участия'),
  ('r1000000-0000-0000-0000-000000000014','p1000000-0000-0000-0000-000000000014','o1000000-0000-0000-0000-000000000014','1/1',52.0,'Выписка ЕГРН','17.03.2018','Договор купли-продажи'),
  ('r1000000-0000-0000-0000-000000000015','p1000000-0000-0000-0000-000000000015','o1000000-0000-0000-0000-000000000015','1/1',41.0,'Свидетельство о праве собственности','07.07.2007','Приватизация'),
  ('r1000000-0000-0000-0000-000000000016','p1000000-0000-0000-0000-000000000016','o1000000-0000-0000-0000-000000000016','1/1',60.0,'Выписка ЕГРН','20.04.2023','Договор долевого участия'),
  ('r1000000-0000-0000-0000-000000000017','p1000000-0000-0000-0000-000000000017','o1000000-0000-0000-0000-000000000017','1/1',75.0,'Выписка ЕГРН','08.10.2019','Договор купли-продажи'),
  ('r1000000-0000-0000-0000-000000000018','p1000000-0000-0000-0000-000000000018','o1000000-0000-0000-0000-000000000018','1/1',80.5,'Выписка ЕГРН','15.06.2021','Договор долевого участия'),
  ('r1000000-0000-0000-0000-000000000019','p1000000-0000-0000-0000-000000000019','o1000000-0000-0000-0000-000000000019','1/1',120.0,'Выписка ЕГРН','01.01.2015','Договор купли-продажи'),
  ('r1000000-0000-0000-0000-000000000020','p1000000-0000-0000-0000-000000000020','o1000000-0000-0000-0000-000000000020','1/1',85.0,'Выписка ЕГРН','11.11.2014','Договор купли-продажи');

-- Дом 2
INSERT INTO "OwnershipRight" (id, "premiseId", "ownerId", share, "shareArea", "titleDocument", "registrationDate", "basisDocument") VALUES
  ('r2000000-0000-0000-0000-000000000001','p2000000-0000-0000-0000-000000000001','o1000000-0000-0000-0000-000000000001','1/1',48.0,'Выписка ЕГРН','10.05.2019','Договор купли-продажи'),
  ('r2000000-0000-0000-0000-000000000002','p2000000-0000-0000-0000-000000000002','o1000000-0000-0000-0000-000000000003','1/1',64.5,'Выписка ЕГРН','22.08.2020','Договор долевого участия'),
  ('r2000000-0000-0000-0000-000000000003','p2000000-0000-0000-0000-000000000003','o1000000-0000-0000-0000-000000000005','1/1',72.0,'Свидетельство','14.02.2011','Договор купли-продажи'),
  ('r2000000-0000-0000-0000-000000000004','p2000000-0000-0000-0000-000000000004','o1000000-0000-0000-0000-000000000007','1/1',58.0,'Выписка ЕГРН','30.09.2022','Договор долевого участия'),
  ('r2000000-0000-0000-0000-000000000005','p2000000-0000-0000-0000-000000000005','o1000000-0000-0000-0000-000000000009','1/1',90.0,'Выписка ЕГРН','05.03.2023','Договор купли-продажи'),
  ('r2000000-0000-0000-0000-000000000006','p2000000-0000-0000-0000-000000000006','o1000000-0000-0000-0000-000000000020','1/1',200.0,'Выписка ЕГРН','15.12.2018','Договор купли-продажи');

-- Дом 3
INSERT INTO "OwnershipRight" (id, "premiseId", "ownerId", share, "shareArea", "titleDocument", "registrationDate", "basisDocument") VALUES
  ('r3000000-0000-0000-0000-000000000001','p3000000-0000-0000-0000-000000000001','o1000000-0000-0000-0000-000000000002','1/1',36.0,'Свидетельство','20.06.2005','Приватизация'),
  ('r3000000-0000-0000-0000-000000000002','p3000000-0000-0000-0000-000000000002','o1000000-0000-0000-0000-000000000004','1/1',44.0,'Выписка ЕГРН','11.04.2017','Договор купли-продажи'),
  ('r3000000-0000-0000-0000-000000000003','p3000000-0000-0000-0000-000000000003','o1000000-0000-0000-0000-000000000006','1/1',52.0,'Выписка ЕГРН','03.10.2021','Договор долевого участия'),
  ('r3000000-0000-0000-0000-000000000004','p3000000-0000-0000-0000-000000000005','o1000000-0000-0000-0000-000000000008','1/1',58.0,'Выписка ЕГРН','28.02.2020','Договор купли-продажи');

-- ============================================================
-- 7. ДОСТУП СОТРУДНИКОВ К ДОМАМ
-- ============================================================
INSERT INTO "EmployeeBuildingAccess" ("employeeId", "buildingId") VALUES
  ('e1000000-0000-0000-0000-000000000001','b1000000-0000-0000-0000-000000000001'),
  ('e1000000-0000-0000-0000-000000000001','b1000000-0000-0000-0000-000000000002'),
  ('e1000000-0000-0000-0000-000000000001','b1000000-0000-0000-0000-000000000003'),
  ('e1000000-0000-0000-0000-000000000002','b1000000-0000-0000-0000-000000000001'),
  ('e1000000-0000-0000-0000-000000000003','b1000000-0000-0000-0000-000000000003');

-- ============================================================
-- 8. БИБЛИОТЕКА ВОПРОСОВ
-- ============================================================
INSERT INTO "QuestionLibrary" (id, "shortTitle", "protocolText", "bulletinText", "quorumType", category, tags, "createdByEmployeeId", "createdAt") VALUES
  ('q1000000-0000-0000-0000-000000000001',
   'Выбор председателя и секретаря собрания',
   'Избрать председателем собрания __ФИО__, секретарем собрания __ФИО__.',
   'Избрать председателем собрания __ФИО__, секретарем собрания __ФИО__.',
   'simple', 'Организационные', 'председатель,секретарь',
   'e1000000-0000-0000-0000-000000000001', NOW()),

  ('q1000000-0000-0000-0000-000000000002',
   'Выбор счётной комиссии',
   'Избрать счётную комиссию в составе: __ФИО__.',
   'Избрать счётную комиссию в составе: __ФИО__.',
   'simple', 'Организационные', 'счётная комиссия',
   'e1000000-0000-0000-0000-000000000001', NOW()),

  ('q1000000-0000-0000-0000-000000000003',
   'Утверждение порядка уведомления о результатах',
   'Утвердить следующий порядок уведомления собственников о принятых решениях: размещение информации на информационных стендах в подъездах дома.',
   'Утвердить порядок уведомления о результатах голосования — размещение на информационных стендах.',
   'simple', 'Организационные', 'уведомление,результаты',
   'e1000000-0000-0000-0000-000000000001', NOW()),

  ('q1000000-0000-0000-0000-000000000004',
   'Выбор управляющей организации',
   'Выбрать в качестве управляющей организации МКД __адрес__ — __название УК__.',
   'Выбрать управляющую организацию для управления МКД.',
   'two_thirds', 'Управление домом', 'управляющая организация,УК',
   'e1000000-0000-0000-0000-000000000001', NOW()),

  ('q1000000-0000-0000-0000-000000000005',
   'Утверждение тарифа на содержание и ремонт жилья',
   'Установить размер платы за содержание и ремонт жилого помещения в размере __сумма__ руб./кв.м в месяц.',
   'Установить размер платы за содержание и ремонт жилья.',
   'simple', 'Финансы', 'тариф,содержание,ремонт',
   'e1000000-0000-0000-0000-000000000002', NOW()),

  ('q1000000-0000-0000-0000-000000000006',
   'Утверждение плана текущего ремонта',
   'Утвердить план текущего ремонта общего имущества МКД на __год__ год согласно приложению.',
   'Утвердить план текущего ремонта общего имущества МКД.',
   'simple', 'Ремонт', 'текущий ремонт,план',
   'e1000000-0000-0000-0000-000000000002', NOW()),

  ('q1000000-0000-0000-0000-000000000007',
   'Использование общедомового имущества',
   'Разрешить размещение рекламных конструкций на фасаде МКД. Доходы от аренды направить на содержание общего имущества.',
   'Разрешить размещение рекламных конструкций на фасаде дома.',
   'two_thirds', 'Общее имущество', 'реклама,фасад,аренда',
   'e1000000-0000-0000-0000-000000000001', NOW()),

  ('q1000000-0000-0000-0000-000000000008',
   'Установка видеонаблюдения',
   'Установить систему видеонаблюдения в местах общего пользования МКД. Расходы распределить между собственниками пропорционально площади помещений.',
   'Установить систему видеонаблюдения в местах общего пользования МКД.',
   'simple', 'Безопасность', 'видеонаблюдение,безопасность',
   'e1000000-0000-0000-0000-000000000002', NOW()),

  ('q1000000-0000-0000-0000-000000000009',
   'Создание специального счёта капитального ремонта',
   'Формировать фонд капитального ремонта на специальном счёте. Владелец специального счёта — __название УК__.',
   'Формировать фонд капитального ремонта на специальном счёте.',
   'two_thirds', 'Капремонт', 'спецсчёт,капремонт,фонд',
   'e1000000-0000-0000-0000-000000000001', NOW()),

  ('q1000000-0000-0000-0000-000000000010',
   'Оборудование парковочных мест',
   'Оборудовать парковочные места для автомобилей жильцов на придомовой территории.',
   'Оборудовать парковочные места на придомовой территории.',
   'simple', 'Благоустройство', 'парковка,придомовая территория',
   'e1000000-0000-0000-0000-000000000002', NOW());

-- ============================================================
-- 9. ПУЛЫ ВОПРОСОВ
-- ============================================================
INSERT INTO "QuestionPool" (id, name, type, "employeeId", "createdAt", "updatedAt") VALUES
  ('qp000000-0000-0000-0000-000000000001',
   'Стандартный пул — выбор УК',
   'standard',
   'e1000000-0000-0000-0000-000000000001',
   NOW(), NOW()),

  ('qp000000-0000-0000-0000-000000000002',
   'Организационные вопросы',
   'standard',
   'e1000000-0000-0000-0000-000000000001',
   NOW(), NOW());

INSERT INTO "QuestionPoolItem" (id, "poolId", "questionId", "orderNumber") VALUES
  ('qi000000-0000-0000-0000-000000000001','qp000000-0000-0000-0000-000000000001','q1000000-0000-0000-0000-000000000001',1),
  ('qi000000-0000-0000-0000-000000000002','qp000000-0000-0000-0000-000000000001','q1000000-0000-0000-0000-000000000002',2),
  ('qi000000-0000-0000-0000-000000000003','qp000000-0000-0000-0000-000000000001','q1000000-0000-0000-0000-000000000003',3),
  ('qi000000-0000-0000-0000-000000000004','qp000000-0000-0000-0000-000000000001','q1000000-0000-0000-0000-000000000004',4),
  ('qi000000-0000-0000-0000-000000000005','qp000000-0000-0000-0000-000000000002','q1000000-0000-0000-0000-000000000001',1),
  ('qi000000-0000-0000-0000-000000000006','qp000000-0000-0000-0000-000000000002','q1000000-0000-0000-0000-000000000002',2),
  ('qi000000-0000-0000-0000-000000000007','qp000000-0000-0000-0000-000000000002','q1000000-0000-0000-0000-000000000003',3);

-- ============================================================
-- 10. СОБРАНИЯ
-- ============================================================

-- Собрание 1: ЗАВЕРШЕНО (дом 1)
INSERT INTO "Meeting" (id, "buildingId", number, status, form, "startDate", "endDate", "inPersonStartTime", "inPersonAddress", "ballotAcceptanceAddress", "noticeAddress", "resultsDate", "initiatorEmployeeId", "createdAt", "activatedAt", "completedAt") VALUES
  ('m1000000-0000-0000-0000-000000000001',
   'b1000000-0000-0000-0000-000000000001',
   '1/2024',
   'completed',
   'mixed',
   '2024-03-01',
   '2024-03-15',
   '18:00',
   'г. Москва, ул. Ленина, д. 12, подъезд 1, 1 этаж',
   'г. Москва, ул. Ленина, д. 12, управляющая компания',
   'г. Москва, ул. Ленина, д. 12, информационный стенд',
   '2024-03-20',
   'e1000000-0000-0000-0000-000000000001',
   NOW(),
   '2024-02-10 10:00:00',
   '2024-03-20 12:00:00');

-- Собрание 2: ИДЁТ ГОЛОСОВАНИЕ (дом 1)
INSERT INTO "Meeting" (id, "buildingId", number, status, form, "startDate", "endDate", "inPersonStartTime", "inPersonAddress", "ballotAcceptanceAddress", "noticeAddress", "resultsDate", "initiatorEmployeeId", "createdAt", "activatedAt") VALUES
  ('m1000000-0000-0000-0000-000000000002',
   'b1000000-0000-0000-0000-000000000001',
   '2/2025',
   'voting',
   'absentee',
   '2025-06-01',
   '2025-06-21',
   NULL,
   NULL,
   'г. Москва, ул. Ленина, д. 12, управляющая компания',
   'г. Москва, ул. Ленина, д. 12, информационный стенд',
   '2025-06-25',
   'e1000000-0000-0000-0000-000000000001',
   NOW(),
   '2025-05-20 09:00:00');

-- Собрание 3: ЧЕРНОВИК (дом 2)
INSERT INTO "Meeting" (id, "buildingId", number, status, form, "startDate", "endDate", "inPersonStartTime", "inPersonAddress", "ballotAcceptanceAddress", "noticeAddress", "resultsDate", "initiatorEmployeeId", "createdAt") VALUES
  ('m1000000-0000-0000-0000-000000000003',
   'b1000000-0000-0000-0000-000000000002',
   '1/2025',
   'draft',
   'in_person',
   '2025-07-15',
   '2025-07-15',
   '19:00',
   'г. Москва, пр. Победы, д. 34, актовый зал',
   'г. Москва, пр. Победы, д. 34, управляющая компания',
   'г. Москва, пр. Победы, д. 34, информационный стенд',
   '2025-07-20',
   'e1000000-0000-0000-0000-000000000002',
   NOW());

-- Собрание 4: ЗАВЕРШЕНО (дом 3)
INSERT INTO "Meeting" (id, "buildingId", number, status, form, "startDate", "endDate", "inPersonStartTime", "inPersonAddress", "ballotAcceptanceAddress", "noticeAddress", "resultsDate", "initiatorEmployeeId", "createdAt", "activatedAt", "completedAt") VALUES
  ('m1000000-0000-0000-0000-000000000004',
   'b1000000-0000-0000-0000-000000000003',
   '1/2023',
   'completed',
   'absentee',
   '2023-11-01',
   '2023-11-20',
   NULL, NULL,
   'г. Москва, ул. Садовая, д. 7, управляющая компания',
   'г. Москва, ул. Садовая, д. 7, информационный стенд',
   '2023-11-25',
   'e1000000-0000-0000-0000-000000000003',
   NOW(),
   '2023-10-15 10:00:00',
   '2023-11-25 11:00:00');

-- ============================================================
-- 11. ИНИЦИАТОРЫ-СОБСТВЕННИКИ
-- ============================================================
INSERT INTO "MeetingOwnerInitiator" ("meetingId", "ownerId") VALUES
  ('m1000000-0000-0000-0000-000000000001','o1000000-0000-0000-0000-000000000001'),
  ('m1000000-0000-0000-0000-000000000001','o1000000-0000-0000-0000-000000000005'),
  ('m1000000-0000-0000-0000-000000000002','o1000000-0000-0000-0000-000000000003');

-- ============================================================
-- 12. ПУНКТЫ ПОВЕСТКИ
-- ============================================================

-- Собрание 1 (завершено) — 5 вопросов
INSERT INTO "AgendaItem" (id, "meetingId", "questionId", "orderNumber", "customProtocolText", "customBulletinText") VALUES
  ('a1000000-0000-0000-0000-000000000001','m1000000-0000-0000-0000-000000000001','q1000000-0000-0000-0000-000000000001',1,NULL,NULL),
  ('a1000000-0000-0000-0000-000000000002','m1000000-0000-0000-0000-000000000001','q1000000-0000-0000-0000-000000000002',2,NULL,NULL),
  ('a1000000-0000-0000-0000-000000000003','m1000000-0000-0000-0000-000000000001','q1000000-0000-0000-0000-000000000003',3,NULL,NULL),
  ('a1000000-0000-0000-0000-000000000004','m1000000-0000-0000-0000-000000000001','q1000000-0000-0000-0000-000000000004',4,
   'Выбрать в качестве управляющей организации МКД ул. Ленина, д. 12 — ООО «УК Комфорт Сервис».',
   'Выбрать управляющую организацию — ООО «УК Комфорт Сервис».'),
  ('a1000000-0000-0000-0000-000000000005','m1000000-0000-0000-0000-000000000001','q1000000-0000-0000-0000-000000000005',5,
   'Установить размер платы за содержание и ремонт жилого помещения в размере 42,50 руб./кв.м в месяц.',
   'Установить тариф на содержание и ремонт жилья 42,50 руб./кв.м.');

-- Собрание 2 (голосование) — 4 вопроса
INSERT INTO "AgendaItem" (id, "meetingId", "questionId", "orderNumber", "customProtocolText", "customBulletinText") VALUES
  ('a2000000-0000-0000-0000-000000000001','m1000000-0000-0000-0000-000000000002','q1000000-0000-0000-0000-000000000001',1,NULL,NULL),
  ('a2000000-0000-0000-0000-000000000002','m1000000-0000-0000-0000-000000000002','q1000000-0000-0000-0000-000000000002',2,NULL,NULL),
  ('a2000000-0000-0000-0000-000000000003','m1000000-0000-0000-0000-000000000002','q1000000-0000-0000-0000-000000000008',3,NULL,NULL),
  ('a2000000-0000-0000-0000-000000000004','m1000000-0000-0000-0000-000000000002','q1000000-0000-0000-0000-000000000010',4,NULL,NULL);

-- Собрание 3 (черновик) — 3 вопроса
INSERT INTO "AgendaItem" (id, "meetingId", "questionId", "orderNumber", "customProtocolText", "customBulletinText") VALUES
  ('a3000000-0000-0000-0000-000000000001','m1000000-0000-0000-0000-000000000003','q1000000-0000-0000-0000-000000000001',1,NULL,NULL),
  ('a3000000-0000-0000-0000-000000000002','m1000000-0000-0000-0000-000000000003','q1000000-0000-0000-0000-000000000006',2,NULL,NULL),
  ('a3000000-0000-0000-0000-000000000003','m1000000-0000-0000-0000-000000000003','q1000000-0000-0000-0000-000000000007',3,NULL,NULL);

-- Собрание 4 (завершено) — 3 вопроса
INSERT INTO "AgendaItem" (id, "meetingId", "questionId", "orderNumber", "customProtocolText", "customBulletinText") VALUES
  ('a4000000-0000-0000-0000-000000000001','m1000000-0000-0000-0000-000000000004','q1000000-0000-0000-0000-000000000001',1,NULL,NULL),
  ('a4000000-0000-0000-0000-000000000002','m1000000-0000-0000-0000-000000000004','q1000000-0000-0000-0000-000000000009',2,
   'Формировать фонд капитального ремонта МКД по адресу ул. Садовая, д. 7 на специальном счёте. Владелец — ООО «УК Уютный Квартал».',
   'Формировать фонд капремонта на специальном счёте ООО «УК Уютный Квартал».'),
  ('a4000000-0000-0000-0000-000000000003','m1000000-0000-0000-0000-000000000004','q1000000-0000-0000-0000-000000000005',3,
   'Установить размер платы за содержание и ремонт жилого помещения в размере 38,00 руб./кв.м в месяц.',
   'Установить тариф на содержание и ремонт 38,00 руб./кв.м.');

-- ============================================================
-- 13. ГОЛОСА (для завершённых собраний)
-- ============================================================

-- Собрание 1, вопрос 1 (председатель/секретарь)
INSERT INTO "QuestionAnswer" ("ownerId", "agendaItemId", vote, weight) VALUES
  ('o1000000-0000-0000-0000-000000000001','a1000000-0000-0000-0000-000000000001','ЗА',  42.5),
  ('o1000000-0000-0000-0000-000000000002','a1000000-0000-0000-0000-000000000001','ЗА',  56.0),
  ('o1000000-0000-0000-0000-000000000003','a1000000-0000-0000-0000-000000000001','ЗА',  19.1),
  ('o1000000-0000-0000-0000-000000000004','a1000000-0000-0000-0000-000000000001','ЗА',  19.1),
  ('o1000000-0000-0000-0000-000000000005','a1000000-0000-0000-0000-000000000001','ЗА',  78.0),
  ('o1000000-0000-0000-0000-000000000006','a1000000-0000-0000-0000-000000000001','ЗА',  45.3),
  ('o1000000-0000-0000-0000-000000000007','a1000000-0000-0000-0000-000000000001','ПРОТИВ', 50.0),
  ('o1000000-0000-0000-0000-000000000008','a1000000-0000-0000-0000-000000000001','ЗА',  62.5),
  ('o1000000-0000-0000-0000-000000000009','a1000000-0000-0000-0000-000000000001','ВОЗДЕРЖАЛСЯ', 88.0),
  ('o1000000-0000-0000-0000-000000000010','a1000000-0000-0000-0000-000000000001','ЗА',  44.0);

-- Собрание 1, вопрос 2 (счётная комиссия)
INSERT INTO "QuestionAnswer" ("ownerId", "agendaItemId", vote, weight) VALUES
  ('o1000000-0000-0000-0000-000000000001','a1000000-0000-0000-0000-000000000002','ЗА',  42.5),
  ('o1000000-0000-0000-0000-000000000002','a1000000-0000-0000-0000-000000000002','ЗА',  56.0),
  ('o1000000-0000-0000-0000-000000000003','a1000000-0000-0000-0000-000000000002','ЗА',  19.1),
  ('o1000000-0000-0000-0000-000000000004','a1000000-0000-0000-0000-000000000002','ЗА',  19.1),
  ('o1000000-0000-0000-0000-000000000005','a1000000-0000-0000-0000-000000000002','ЗА',  78.0),
  ('o1000000-0000-0000-0000-000000000006','a1000000-0000-0000-0000-000000000002','ПРОТИВ', 45.3),
  ('o1000000-0000-0000-0000-000000000007','a1000000-0000-0000-0000-000000000002','ЗА',  50.0),
  ('o1000000-0000-0000-0000-000000000008','a1000000-0000-0000-0000-000000000002','ЗА',  62.5),
  ('o1000000-0000-0000-0000-000000000009','a1000000-0000-0000-0000-000000000002','ЗА',  88.0),
  ('o1000000-0000-0000-0000-000000000010','a1000000-0000-0000-0000-000000000002','ВОЗДЕРЖАЛСЯ', 44.0);

-- Собрание 1, вопрос 3 (уведомление)
INSERT INTO "QuestionAnswer" ("ownerId", "agendaItemId", vote, weight) VALUES
  ('o1000000-0000-0000-0000-000000000001','a1000000-0000-0000-0000-000000000003','ЗА',42.5),
  ('o1000000-0000-0000-0000-000000000002','a1000000-0000-0000-0000-000000000003','ЗА',56.0),
  ('o1000000-0000-0000-0000-000000000003','a1000000-0000-0000-0000-000000000003','ЗА',19.1),
  ('o1000000-0000-0000-0000-000000000004','a1000000-0000-0000-0000-000000000003','ЗА',19.1),
  ('o1000000-0000-0000-0000-000000000005','a1000000-0000-0000-0000-000000000003','ЗА',78.0),
  ('o1000000-0000-0000-0000-000000000006','a1000000-0000-0000-0000-000000000003','ЗА',45.3),
  ('o1000000-0000-0000-0000-000000000007','a1000000-0000-0000-0000-000000000003','ЗА',50.0),
  ('o1000000-0000-0000-0000-000000000008','a1000000-0000-0000-0000-000000000003','ЗА',62.5),
  ('o1000000-0000-0000-0000-000000000009','a1000000-0000-0000-0000-000000000003','ЗА',88.0),
  ('o1000000-0000-0000-0000-000000000010','a1000000-0000-0000-0000-000000000003','ЗА',44.0);

-- Собрание 1, вопрос 4 (выбор УК)
INSERT INTO "QuestionAnswer" ("ownerId", "agendaItemId", vote, weight) VALUES
  ('o1000000-0000-0000-0000-000000000001','a1000000-0000-0000-0000-000000000004','ЗА',  42.5),
  ('o1000000-0000-0000-0000-000000000002','a1000000-0000-0000-0000-000000000004','ЗА',  56.0),
  ('o1000000-0000-0000-0000-000000000003','a1000000-0000-0000-0000-000000000004','ЗА',  19.1),
  ('o1000000-0000-0000-0000-000000000004','a1000000-0000-0000-0000-000000000004','ПРОТИВ', 19.1),
  ('o1000000-0000-0000-0000-000000000005','a1000000-0000-0000-0000-000000000004','ЗА',  78.0),
  ('o1000000-0000-0000-0000-000000000006','a1000000-0000-0000-0000-000000000004','ПРОТИВ', 45.3),
  ('o1000000-0000-0000-0000-000000000007','a1000000-0000-0000-0000-000000000004','ЗА',  50.0),
  ('o1000000-0000-0000-0000-000000000008','a1000000-0000-0000-0000-000000000004','ЗА',  62.5),
  ('o1000000-0000-0000-0000-000000000009','a1000000-0000-0000-0000-000000000004','ВОЗДЕРЖАЛСЯ', 88.0),
  ('o1000000-0000-0000-0000-000000000010','a1000000-0000-0000-0000-000000000004','ЗА',  44.0);

-- Собрание 1, вопрос 5 (тариф)
INSERT INTO "QuestionAnswer" ("ownerId", "agendaItemId", vote, weight) VALUES
  ('o1000000-0000-0000-0000-000000000001','a1000000-0000-0000-0000-000000000005','ЗА',  42.5),
  ('o1000000-0000-0000-0000-000000000002','a1000000-0000-0000-0000-000000000005','ПРОТИВ', 56.0),
  ('o1000000-0000-0000-0000-000000000003','a1000000-0000-0000-0000-000000000005','ЗА',  19.1),
  ('o1000000-0000-0000-0000-000000000004','a1000000-0000-0000-0000-000000000005','ЗА',  19.1),
  ('o1000000-0000-0000-0000-000000000005','a1000000-0000-0000-0000-000000000005','ПРОТИВ', 78.0),
  ('o1000000-0000-0000-0000-000000000006','a1000000-0000-0000-0000-000000000005','ЗА',  45.3),
  ('o1000000-0000-0000-0000-000000000007','a1000000-0000-0000-0000-000000000005','ЗА',  50.0),
  ('o1000000-0000-0000-0000-000000000008','a1000000-0000-0000-0000-000000000005','ЗА',  62.5),
  ('o1000000-0000-0000-0000-000000000009','a1000000-0000-0000-0000-000000000005','ЗА',  88.0),
  ('o1000000-0000-0000-0000-000000000010','a1000000-0000-0000-0000-000000000005','ВОЗДЕРЖАЛСЯ', 44.0);

-- Собрание 4 (завершено), вопрос 1
INSERT INTO "QuestionAnswer" ("ownerId", "agendaItemId", vote, weight) VALUES
  ('o1000000-0000-0000-0000-000000000002','a4000000-0000-0000-0000-000000000001','ЗА',36.0),
  ('o1000000-0000-0000-0000-000000000004','a4000000-0000-0000-0000-000000000001','ЗА',44.0),
  ('o1000000-0000-0000-0000-000000000006','a4000000-0000-0000-0000-000000000001','ЗА',52.0),
  ('o1000000-0000-0000-0000-000000000008','a4000000-0000-0000-0000-000000000001','ПРОТИВ',58.0);

-- Собрание 4, вопрос 2 (спецсчёт)
INSERT INTO "QuestionAnswer" ("ownerId", "agendaItemId", vote, weight) VALUES
  ('o1000000-0000-0000-0000-000000000002','a4000000-0000-0000-0000-000000000002','ЗА',36.0),
  ('o1000000-0000-0000-0000-000000000004','a4000000-0000-0000-0000-000000000002','ЗА',44.0),
  ('o1000000-0000-0000-0000-000000000006','a4000000-0000-0000-0000-000000000002','ВОЗДЕРЖАЛСЯ',52.0),
  ('o1000000-0000-0000-0000-000000000008','a4000000-0000-0000-0000-000000000002','ПРОТИВ',58.0);

-- Собрание 4, вопрос 3 (тариф)
INSERT INTO "QuestionAnswer" ("ownerId", "agendaItemId", vote, weight) VALUES
  ('o1000000-0000-0000-0000-000000000002','a4000000-0000-0000-0000-000000000003','ЗА',36.0),
  ('o1000000-0000-0000-0000-000000000004','a4000000-0000-0000-0000-000000000003','ЗА',44.0),
  ('o1000000-0000-0000-0000-000000000006','a4000000-0000-0000-0000-000000000003','ЗА',52.0),
  ('o1000000-0000-0000-0000-000000000008','a4000000-0000-0000-0000-000000000003','ЗА',58.0);

-- ============================================================
-- 14. ЖУРНАЛ АУДИТА
-- ============================================================
INSERT INTO "AuditLog" (id, "employeeId", "actionType", "objectId", "newValue", "createdAt") VALUES
  ('al000000-0000-0000-0000-000000000001','e1000000-0000-0000-0000-000000000001','CREATE_MEETING','m1000000-0000-0000-0000-000000000001','{"status":"draft"}',NOW() - INTERVAL '120 days'),
  ('al000000-0000-0000-0000-000000000002','e1000000-0000-0000-0000-000000000001','ACTIVATE_MEETING','m1000000-0000-0000-0000-000000000001','{"status":"voting"}',NOW() - INTERVAL '110 days'),
  ('al000000-0000-0000-0000-000000000003','e1000000-0000-0000-0000-000000000001','COMPLETE_MEETING','m1000000-0000-0000-0000-000000000001','{"status":"completed"}',NOW() - INTERVAL '95 days'),
  ('al000000-0000-0000-0000-000000000004','e1000000-0000-0000-0000-000000000001','CREATE_MEETING','m1000000-0000-0000-0000-000000000002','{"status":"draft"}',NOW() - INTERVAL '40 days'),
  ('al000000-0000-0000-0000-000000000005','e1000000-0000-0000-0000-000000000001','ACTIVATE_MEETING','m1000000-0000-0000-0000-000000000002','{"status":"voting"}',NOW() - INTERVAL '32 days'),
  ('al000000-0000-0000-0000-000000000006','e1000000-0000-0000-0000-000000000002','CREATE_MEETING','m1000000-0000-0000-0000-000000000003','{"status":"draft"}',NOW() - INTERVAL '10 days'),
  ('al000000-0000-0000-0000-000000000007','e1000000-0000-0000-0000-000000000003','CREATE_MEETING','m1000000-0000-0000-0000-000000000004','{"status":"draft"}',NOW() - INTERVAL '250 days'),
  ('al000000-0000-0000-0000-000000000008','e1000000-0000-0000-0000-000000000003','COMPLETE_MEETING','m1000000-0000-0000-0000-000000000004','{"status":"completed"}',NOW() - INTERVAL '210 days');
